name,price,currency,description,ingredients,instruction_for_use,storage_instructions,country,category,quantity_value,quantity_unit,url
AB TrailMix Berry Boost Bag (28g),30000,VND,"AB Trail Mix 2-Compartment Snack is a perfect combination of 5 types of premium nutritious nuts, natural dried fruits, and freeze-dried yogurt, providing a healthy source of energy, supporting digestion, and effectively aiding muscle recovery.
Responsible Organization: Huynh Gia Agricultural Joint Stock Company.
Address: 80/2 Yen The Street, Tan Son Hoa Ward, Ho Chi Minh City","Ingredients: 5 Nutritional Nuts (Cashews, Almonds, Walnuts, Macadamia, Pumpkin Seeds) combined with Dried Fruits and Freeze-Dried Yogurt.","Usage instructions: Use directly before, during, or after exercise; replace a snack or healthy meal.","Usage instructions: Use directly before, during, or after exercise; replace a snack or healthy meal.",Ho Chi Minh,MIX NUTS,28,g,https://shop.annam-gourmet.com/hcm-taka/ab-trailmix-berry-boost-bag-28g.html
AB TrailMix Tropical Fuel Bag (28g),30000,VND,"AB Trail Mix 2-Compartment Snack is a perfect combination of 5 types of premium nutritious nuts, natural dried fruits, and freeze-dried yogurt, providing a healthy source of energy, supporting digestion, and effectively aiding muscle recovery.
Responsible Organization: Huynh Gia Agricultural Joint Stock Company.
Address: 80/2 Yen The Street, Tan Son Hoa Ward, Ho Chi Minh City","Ingredients: 5 Nutritional Nuts (Cashews, Almonds, Walnuts, Macadamia, Pumpkin Seeds) combined with Dried Fruits and Freeze-Dried Yogurt.","Usage instructions: Use directly before, during, or after exercise; replace a snack or healthy meal.","Usage instructions: Use directly before, during, or after exercise; replace a snack or healthy meal.",Ho Chi Minh,MIX NUTS,28,g,https://shop.annam-gourmet.com/hcm-taka/ab-trailmix-tropical-fuel-bag-28g.html
AFC Vegetable Cracker  200g,27000,VND,"AFC is a CRUNCHY AND NUTRITIOUS crackers brand that’s healthy and tasty, providing the perfect nourishing snacking choice throughout the day.

AFC crackers are made of wholesome ingredients combine with fiber from oats and high calcium content. AFC will not only give you an enjoyable snacking experience but also supply your body with essential nutrients.

AFC - Eat Good, Feel Good.","Wheat flour, vegetable oil (palm), sugar, oat fiber (4%), maltose syrup, whey powder, leavening agents (503(ii), 500(ii), butter oil substitute, salt, onion powder, calcium carbonate (170(i)), artificial fried onion flavour, dried onion, cheese powder yeast, acidity regulator (450(i), flour treatment agents (223, 1101(i)), artificial food coloring (160a)",Use directly,To store in a cool place away from sunlight,,SALTED CRACKERS,200,g,https://shop.annam-gourmet.com/hcm-taka/afc-vegetable-cracker-200g.html
AFC Wheat Cracker  200g,28000,VND,"AFC is a CRUNCHY AND NUTRITIOUS crackers brand that’s healthy and tasty, providing the perfect nourishing snacking choice throughout the day.

AFC crackers are made of wholesome ingredients combine with fiber from oats and high calcium content. AFC will not only give you an enjoyable snacking experience but also supply your body with essential nutrients.

AFC - Eat Good, Feel Good.","Wheat flour, vegetable oil (palm), sugar, oat fiber (4%), whey powder, maltose syrup, leavening agents (503(ii), 500(ii), butter oil substitute, salt, calcium carbonate (170(i)), cheese powder yeast, acidity regulator (450(i), flour treatment agents (223, 1101(i)), artificial food coloring (160a)",Use directly,To store in a cool place away from sunlight,,SALTED CRACKERS,200,g,https://shop.annam-gourmet.com/hcm-taka/afc-wheat-cracker-200g.html
AG Signature Coffee Mountain Arabica Espresso (250g),169000,VND,"The combination of special roasting method and premium coffee beans, bringing 100% pure coffee flavor to help bring a new dynamic and effective day at work.",Arabica Coffee Beans,Better when it is hot,Store at room temperature,,BULK COFFEE,250,g,https://shop.annam-gourmet.com/hcm-taka/ag-signature-coffee-mountain-arabica-espresso-250g.html
Allen's Candy Frogs Alive 190G,116000,VND,"Allen's Frogs Alive are delicious chewy raspberry jellies and a popular favorite. Catch these vibrant red frogs before they jump. Twist, stretch, squeeze, flatten or flatten it before enjoying a whiff of fruity fun. Use them for your next baking decoration, or enjoy them straight out of the bag.","Glucose Syrup (Wheat Or Corn), Cane Sugar, Thickener (Dextrin Roasted Starch, Acid Treated Starch Or Starch Acetate) (Wheat), Gelatine Food Acid (Citric), Color (Carminic Acid), Flavor.","Twist, stretch, squeeze, flatten or flatten it before enjoying a whiff of fruity fun. Use them for your next baking decoration, or enjoy them straight out of the bag.","Store in a cool, dry place.",,JELLY CANDIES,190,g,https://shop.annam-gourmet.com/hcm-taka/allen-s-candy-frogs-alive-190g.html
Allen's Candy Killer Pythons (192g),116000,VND,"Create smiles with deliciously soft and juicy Killer Pythons, the perfect fun sized treat. Stretch one, twist one or tie your two favorite flavors together then bite their squishy heads off and enjoy the burst of juicy flavors. Enjoy the yummy flavor of juicy orange, crisp apple, tasty pineapple, luscious mixed berry and zesty strawberry.","Glucose Syrup (Wheat or Corn), Cane Sugar, Thickener (Dextrin Roasted Starch, Acid treated Starch or Starch acetate) (Wheat), Gelatine, Food Acid (Citric), Flavours, Colours (Black Carrot, Carminic Acid, Paprika Oleoresin, Copper Chlorophyllin, Turmeric, Vegetable Carbon).","Stretch one, twist one or tie your two favorite flavors together then bite their squishy heads off and enjoy the burst of juicy flavors.",Store away from heat and humidity.,Starch,JELLY CANDIES,192,g,https://shop.annam-gourmet.com/hcm-taka/allen-s-candy-killer-pythons-192g.html
Allen's Candy Minties 150G,116000,VND,Refreshing mint chew that comes individually wrapped each representing a Minties moment. Are you ashamed? Are you embarrassed? It's definitely times like these that Minties need.,"Glucose Syrup (From Corn), Cane Sugar, Gelatine, Peppermint Oil, Vegetable Oils. Made In New Zealand From Local And Imported Ingredients. No Artificial Colours. May Contain Egg.",Contains no artificial colours so are great to share with family and friends. May contain Egg. Allen's makes smiles!,"Store in a cool, dry place.",New Zealand,SOFT CANDIES,150,g,https://shop.annam-gourmet.com/hcm-taka/allen-s-candy-minties-150g.html
Allen's Candy Pineapples (170G),116000,VND,"Create smiles by treating your tastebuds to juicy Allen’s Pineapples. Squish each soft pineapple flavoured jelly between your fingers, stretch it, bite the top off or just enjoy it in one yummy bite","Glucose Syrup (Wheat or Corn), Cane Sugar, Thickener (Dextrin Roasted Starch, Acid Treated Starch or Starch Acetate) (Wheat), Gelatine, Food Acid (Citric), Flavours, Colours (Tumeric, Copper Chlorophyllin, Carminic Acid).","Squish each deliciously soft pineapple flavoured jelly between your fingers, stretch it, bite the top off or just enjoy it in one yummy bite.","Store in a cool, dry place.",Starch Acetate,JELLY CANDIES,170,g,https://shop.annam-gourmet.com/hcm-taka/allen-s-candy-pineapples-170g.html
Allen's Candy Ripe Raspberries (190g),116000,VND,"Allen Ripe raspberries are the perfect size to treat little hands. Soft and shiny, these tasty, vibrant red raspberries are ready to be squared, stretched, eaten now, or used for baking decoration. But whatever the fun, eat these mini minced-size candies before they start blowing raspberries. 5 pieces = 1 serving. Made in Australia and does not contain artificial colors, so they are ideal to share with family and friends.","Glucose Syrup (Wheat or Corn), Cane Sugar, Thickener (Dextrin Roasted Starch, Acid treated Starch or Starch acetate) (Wheat), Gelatine, Food Acid (Citric), Colour (Carminic Acid), Flavour",Create smiles by treating your taste to Allen's raspberry woods. Apply each soft raspberry jelly between your fingers and put one in your mouth.,Store away from heat and humidity.,Australia,JELLY CANDIES,190,g,https://shop.annam-gourmet.com/hcm-taka/allen-s-candy-ripe-raspberries-190g.html
Allen's Candy Strawberry & Cream (190G),116000,VND,"In Australia, Allens Strawberries and cream are enjoyed all round unlike as just a fad during Wimbledon. They combine sweet fragrant strawberries with thick luscious cream in a soft chewy jelly.","Glucose Syrup (Wheat or Corn), Cane Sugar, Gelatine, Thickener (1401 or 1420) (Wheat), Gelatine, Flavours, Food Acid (Citric Acid), Colours (120, 129).",They can be used to decorate cakes and go down great at kids parties.great to share with family and friends,"Store in a cool, dry place.",Australia,JELLY CANDIES,190,g,https://shop.annam-gourmet.com/hcm-taka/allen-s-candy-strawberry-cream-190g.html
Alluvia Chocolate 100% Sugar Free  30g,74000,VND,"Dark chocolata Alluvia Sugar Free is handcrafted from the finest cocoa beans from Cho Gao, Tien Giang & Delta","Cocoa beans, cocoa butter.",Directly to use,"Store in a dry and cool place between 22-240C, avoid direct sunlight",Tien Giang,SPECIAL CHOCOLATE TABLET,30,g,https://shop.annam-gourmet.com/hcm-taka/alluvia-chocolate-100-sugar-free-30g.html
Alluvia Chocolate 100% Sugar Free  80g,139000,VND,"Dark chocolata Alluvia Sugar Free is handcrafted from the finest cocoa beans from Cho Gao, Tien Giang & Mekong Delta","Cocoa beans, cocoa butter.",Directly to use,"Store in a dry and cool place between 22-240C, avoid direct sunlight",Tien Giang,SPECIAL CHOCOLATE TABLET,80,g,https://shop.annam-gourmet.com/hcm-taka/alluvia-chocolate-100-sugar-free-80g.html
Alluvia Dark Chocolate 70% with Almond (80g),129000,VND,Alluvia Dark Chocolate Almond with a bitter flavor is beneficial to your health and undoubtedly a luxurious and meaningful gift on any occasion.,"cocoa nibs (53%), cane sugar (23%), cocoa butter (4%), almond (20%).",Directly to use,"Store in a dry and cool place between 22-240C, avoid direct sunlight",,SPECIAL CHOCOLATE TABLET,80,g,https://shop.annam-gourmet.com/hcm-taka/alluvia-dark-chocolate-70-with-almond-80g.html
Alluvia Dark Chocolate 70% with Blueberry (80g),129000,VND,"Nothing is better than a chocolate bar for your sweetheart, especially an Alluvia Dark Chocolate Blueberry crafted with love.","cocoa nibs (53%), cane sugar (23%), cocoa butter (4%), blueberry (20%",Directly to use,"Store in a dry and cool place between 22-240C, avoid direct sunlight",Bar,SPECIAL CHOCOLATE TABLET,80,g,https://shop.annam-gourmet.com/hcm-taka/alluvia-dark-chocolate-70-with-blueberry-80g.html
Alluvia Dark Chocolate 70% with Cinnamon 30g,67000,VND,"Premium Dark Chocolate Alluvia Cinnamon is handcrafted from the finest cocoa beans from Cho Gao, Tien Giang, Mekong Delta and Cinnamon which brings you a special flavor",Alluvia Dark Chocolate (98%) & Cinnamon (2%),Directly to use,"Store in a dry and cool place between 22-240C, avoid direct sunlight",Tien Giang,DARK CHOCOLATE TABLET,30,g,https://shop.annam-gourmet.com/hcm-taka/alluvia-dark-chocolate-70-with-cinnamon-30g.html
Alluvia Dark Chocolate 70% with Cinnamon 80g,120000,VND,"Premium Dark Chocolate Alluvia Cinnamon is handcrafted from the finest cocoa beans from Cho Gao, Tien Giang, Mekong Delta and Cinnamon which brings you a special flavor",Alluvia Dark Chocolate (98%) & Cinnamon (2%),Directly to use,"Store in a dry and cool place between 22-240C, avoid direct sunlight",Tien Giang,DARK CHOCOLATE TABLET,80,g,https://shop.annam-gourmet.com/hcm-taka/alluvia-dark-chocolate-70-with-cinnamon-80g.html
Alluvia Dark Chocolate 70% with Coconut 80g,119000,VND,"Premium Dark Chocolate Alluvia Coconut is handcrafted from the finest cocoa beans from Cho Gao, Tien Giang, Mekong Delta and Coconut Milk which brings you a typical flavor.",Alluvia Dark Chocolate (80%) & Coconut milk (20%),Directly to use,"Store in a dry and cool place between 22-240C, avoid direct sunlight",Tien Giang,DARK CHOCOLATE TABLET,80,g,https://shop.annam-gourmet.com/hcm-taka/alluvia-dark-chocolate-70-with-coconut-80g.html
Alluvia Dark Chocolate 70% with Macadamia (80g),139000,VND,Alluvia Dark Chocolate Macadamia is a perfect combination of two excellent Vietnamese specialties- Tien Giang cocoa beans from Mekong Delta and macadamia nuts from the Highlands to create these super nutritious chocolate bars.,"cocoa nibs (53%), cane sugar (23%), cocoa butter (4%), macadamia (20%)",Directly to use,"Store in a dry and cool place between 22-240C, avoid direct sunlight",Tien Giang,SPECIAL CHOCOLATE TABLET,80,g,https://shop.annam-gourmet.com/hcm-taka/alluvia-dark-chocolate-70-with-macadamia-80g.html
Alluvia Dark Chocolate 70% with Orange Peel (80g),119000,VND,"An Alluvia Dark Chocolate Orange Peel bar reminds you of a mesmerizing childhood taste, wherever you are.","cocoa nibs (53%), cane sugar (23%), cocoa butter (4%), orange peel (20%)",Directly to use,"Store in a dry and cool place between 22-240C, avoid direct sunlight",Bar,CHOCOLATE BAR,80,g,https://shop.annam-gourmet.com/hcm-taka/alluvia-dark-chocolate-70-with-orange-peel-80g.html
Alluvia Dark Chocolate 85% 30g,69000,VND,"Premium Dark Chocolate Alluvia 85% is handcrafted from the finest cocoa beans from Cho Gao, Tien Giang, Mekong Delta and Coconut Milk which brings you a strong and natural bitter.","Cocoa beans (80%), cane sugar (15%), cocoa butter (5%)",Directly to use,"Store in a dry and cool place between 22-240C, avoid direct sunlight",Tien Giang,DARK CHOCOLATE TABLET,30,g,https://shop.annam-gourmet.com/hcm-taka/alluvia-dark-chocolate-85-30g.html
Alluvia Dark Chocolate Cina Pepper  100g,119000,VND,Alluvia Dark Chocolate with Cina-pepper is a delicate combination of two excellent Vietnamese specialties- Tien Giang cacao beans from Mekong Delta and the excellent Phu Quoc pepper to create delicious spicy chocolate bars,"90% dark chocolate Alluvia (70% cocoa beans & cocoa butter, 30% sugar ) and 10% cina-pepper",Directly to use,"Store in a dry and cool place between 22-240C, avoid direct sunlight",Tien Giang,SPECIAL CHOCOLATE TABLET,100,g,https://shop.annam-gourmet.com/hcm-taka/alluvia-dark-chocolate-cina-pepper-100g.html
Alluvia Dark Chocolate Cocoa Nibs  100g,122000,VND,Alluvia Dark Chocolate with roasted cocoa Nibs is a delicate combination of two excellent Vietnamese specialties- Tien Giang cacao beans from Mekong Delta and the roasted cocoa nibs to create delicious spicy chocolate bars,"75% dark chocolate Alluvia (70% cocoa beans & cocoa butter, 30% sugar ) and 25% roasted cocoa nibs",Directly to use,"Store in a dry and cool place between 22-240C, avoid direct sunlight",Tien Giang,SPECIAL CHOCOLATE TABLET,100,g,https://shop.annam-gourmet.com/hcm-taka/alluvia-dark-chocolate-cocoa-nibs-100g.html
Alluvia Dark Chocolate coffee 70% 30g,67000,VND,"Premium Dark Chocolate Alluvia Coffee Beans is handcrafted from the finest cocoa beans from Cho Gao, Tien Giang, Mekong Delta and Coffee which brings you a unforgettable flavor",Alluvia Dark Chocolate (90%) & Arabica Coffee Beans (10%),Directly to use,"Store in a dry and cool place between 22-240C, avoid direct sunlight",Tien Giang,DARK CHOCOLATE TABLET,30,g,https://shop.annam-gourmet.com/hcm-taka/alluvia-dark-chocolate-coffee-70-30g.html
Alluvia Dark Chocolate coffee 70% 80g,120000,VND,"Premium Dark Chocolate Alluvia Coffee Beans is handcrafted from the finest cocoa beans from Cho Gao, Tien Giang, Mekong Delta and Coffee which brings you a unforgettable flavor",Alluvia Dark Chocolate (90%) & Arabica Coffee Beans (10%),Directly to use,"Store in a dry and cool place between 22-240C, avoid direct sunlight",Tien Giang,DARK CHOCOLATE TABLET,80,g,https://shop.annam-gourmet.com/hcm-taka/alluvia-dark-chocolate-coffee-70-80g.html
Alluvia Dark Chocolate Tablet 70%  30g,68000,VND,"Premium Dark Chocolate Alluvia is handcrafted from the finest cocoa beans from Cho Gao, Mekong, Tien Giang, Mekong Delta","Cocoa beans (65%), Cane sugar (30%), Cocoa butter (5%)",Directly to use,"Store in a dry and cool place between 22-240C, avoid direct sunlight",Tien Giang,DARK CHOCOLATE TABLET,30,g,https://shop.annam-gourmet.com/hcm-taka/alluvia-dark-chocolate-tablet-70-30g.html
Alluvia Dark Chocolate Tablet 70%  80g,109000,VND,"Premium Dark Chocolate Alluvia is handcrafted from the finest cocoa beans from Cho Gao, Mekong, Tien Giang","Cocoa beans (65%), Cane sugar (30%), Cocoa butter (5%)",Directly to use,"Store in a dry and cool place between 22-240C, avoid direct sunlight",Tien Giang,DARK CHOCOLATE TABLET,80,g,https://shop.annam-gourmet.com/hcm-taka/alluvia-dark-chocolate-tablet-70-80g.html
Alluvia Dark Chocolate Tablet 85% (80g),119000,VND,"Premium Dark Chocolate Alluvia 85% is handcrafted from the finest cocoa beans from Cho Gao, Tien Giang, Mekong Delta and Coconut Milk which brings you a strong and natural bitter.","Cocoa beans (80%), cane sugar (15%), cocoa butter (5%)",Directly to use,"Store in a dry and cool place between 22-40C, avoid direct sunlight",Tien Giang,DARK CHOCOLATE TABLET,80,g,https://shop.annam-gourmet.com/hcm-taka/alluvia-dark-chocolate-tablet-85-80g.html
Alluvia Gift set of 5 Chocolate Tablets (150g),315000,VND,"Alluvia Gift set of 5 choco tablets (150g) : Dark chocolate 100% sugar free, Dark chocolate Cinnamon, 40% Milk chocolate, Dark chocolate Coffee , Dark chocolate 70%","Alluvia Gift set of 5 Chocolate Tablets (150g) : Dark chocolate 100% sugar free, Dark chocolate Cinnamon, 40% Milk chocolate, Dark chocolate Coffee, Dark chocolate 70%",Directly to use,"Store in a dry and cool place between 22-240C, avoid direct sunlight",Choco,MILK CHOCOLATE TABLET,150,g,https://shop.annam-gourmet.com/hcm-taka/alluvia-gift-set-of-5-chocolate-tablets-150g.html
Alluvia Milk Chocolate Cashew Nut  100g,129000,VND,Alluvia Milk Chocolate with Cashew Nuts is a combination of two excellent Vietnamese specialties- Tien Giang cocoa beans from Mekong Delta and the Eastern Cashew Nuts to create delicious nut chocolate bars,"75% milk chocolate Alluvia (40% cocoa beans & cocoa butter, 60% sugar & dairy cream) and 25% roasted cashew nuts",Directly to use,"Store in a dry and cool place between 22-240C, avoid direct sunlight",Tien Giang,SPECIAL CHOCOLATE TABLET,100,g,https://shop.annam-gourmet.com/hcm-taka/alluvia-milk-chocolate-cashew-nut-100g.html
Alluvia Milk Chocolate Ginger  100g,129000,VND,Alluvia Dark Chocolate with Ginger is a delicate combination of two excellent Vietnamese specialties- Tien Giang cacao beans from Mekong Delta and fresh Ginger to create delicious spicy chocolate bars,"90% milk chocolate Alluvia (40% cocoa beans & cocoa butter, 60% sugar & dairy cream ) and 10% fresh Ginger",Directly to use,"Store in a dry and cool place between 22-240C, avoid direct sunlight",Tien Giang,SPECIAL CHOCOLATE TABLET,100,g,https://shop.annam-gourmet.com/hcm-taka/alluvia-milk-chocolate-ginger-100g.html
Alluvia Milk Chocolate Tablet 40%  30g,69000,VND,"Excellent Milk Chocolate Alluvia is handcrafted from the finest cocoa beans from Cho Gao, Mekong, Tien Giang","Cocoa beans & cocoa butter (40%), sugar & dairy cream (60%)",Directly to use,"Store in a dry and cool place between 22-240C, avoid direct sunlight",Tien Giang,MILK CHOCOLATE TABLET,30,g,https://shop.annam-gourmet.com/hcm-taka/alluvia-milk-chocolate-tablet-40-30g.html
Alluvia Milk Chocolate Tablet 40%  80g,130000,VND,"Excellent Milk Chocolate Alluvia is handcrafted from the finest cocoa beans from Cho Gao, Mekong, Tien Giang","Cocoa beans & cocoa butter (40%), sugar & dairy cream (60%)",Directly to use,"Store in a dry and cool place between 22-240C, avoid direct sunlight",Tien Giang,MILK CHOCOLATE TABLET,80,g,https://shop.annam-gourmet.com/hcm-taka/alluvia-milk-chocolate-tablet-40-80g.html
Alluvia Pure Cocoa Powder (150g),129000,VND,"Pure Cocoa Powder, unsweetened. The excellent pure cocoa powder is made of the best and selected cocoa beans from hight quality cocoa raw material zone of Cho Gao, Tien Giang, Mekong Delta.",Dry cocoa beans 100%,"Serving Direction: Put 1-2 spoons of pure cocoa powder into 100-200ml boiled water.
Stir well, add milk or sugar as desired, and enjoy your delicious and nutritious cup of cocoa.
Also, use this cocoa powder to make your ice cream ,jelly, chocolate and various cakes like brownie, truffle, tiramisu...","No preservative, additive, better use within 30 days after opening package. Store in a dry and cool places, avoid direct sunlight.",Tien Giang,CHOCOLATE POWDER,150,g,https://shop.annam-gourmet.com/hcm-taka/alluvia-pure-cocoa-powder-150g.html
Alluvia Sweet Chocolate Powder (200g),125000,VND,"Alluvia's fine chocolate powder is made entirely of finest cocoa beans, which are grown and selected in thr high quality raw materials of UTZ, Cho Gao and Tien Giang, then artful combination with sugar and dairy powder which give you perfect drink","100% dried cocoa beans, sugar and dairy powder","Mix 1-2 tablespoons of Alluvia chocolate powder with 100-200ml of boiling water, make delicious, nutritious drink, high energy. 
Serve as hot or cold as you like Absolutely pure, no preservatives, no additives, best used within 30 days after opening the box.","Store in a dry and cool places, avoid direct sunlight",Tien Giang,CHOCOLATE POWDER,200,g,https://shop.annam-gourmet.com/hcm-taka/alluvia-sweet-chocolate-powder-200g.html
Alluvia White Chocolate with Green Tea (80g),145000,VND,Alluvia Green tea Chocolate is a delicate combination of two excellent Vietnamese specialties- Tien Giang cocoa butter from Mekong Delta and the freshest tea buds from the Highland to create these delicious green tea chocolate bars with a light sweet taste,"Cocoa butter (33%), cane sugar (35%), dairy powder (30%) , green tea powder (2%)",Directly to use,"Store in a dry and cool place between 22-240C, avoid direct sunlight",Tien Giang,SPECIAL CHOCOLATE TABLET,80,g,https://shop.annam-gourmet.com/hcm-taka/alluvia-white-chocolate-with-green-tea-80g.html
Alpen OrigRecipe Natural Wholesome Muesli550g,351000,VND,"Enjoy our deliciously irresistible, healthy and nutritious recipe, perfectly balanced swiss style muesli*
*Reducing consumption of saturated fat contributes to the maintenance of normal blood cholesterol levels as part of a healthy diet & lifestyle.
Mountains of taste in every bowl!
Our muesli is bursting with delicious, natural ingredients. We've combined creamy rolled oats and toasted wheat flakes with roasted almonds, hazelnuts and juicy raisins to bring you a breakfast you can truly savour.","WHOLE WHEAT (39%), ROLLING WHOLE WHEAT OATS (37%), RAISINS (12%), SUGAR, SKIM MILK POWDER, WHEY PROTEIN, SLICED ROASTED NUTS (2.0%) (HASHLESS, ALMONDS), SALT.",Shake well before each use.,"Store in a cool, dry place, away from direct sunlight.",,CEREAL BOXES,550,g,https://shop.annam-gourmet.com/hcm-taka/alpen-origrecipe-natural-wholesome-muesli550g.html
Amanoya Himemaru Japanese Rice Cracker 98g,53000,VND,"This crunchy and tasty rice cracker is made with glutinous rice. Made with the classic sweet soy flavour and chilli pepper, each cracker has a nice kick of medium spiciness.","Non-Glutinous Rice, Vegetable Oil (Palm Oil, Rice Bran Oil), Modified Starch (Wheat, Cassava, Corn), Sugar, Soy Sauce (Water, Soybeans, Wheat, Salt, Monosodium Glutamate, Disodium Guanylate, Disodium Inosinate), Starch Syrup (Corn, Tapioca, Sweet Potato, Potato), Spices (Mandarin Orange Peel, Chili Pepper), Monosodium Glutamate, Disodium Inosinate, Disodium Guanylate, Laver, Salt, Seasoning (Hydrolyzed Protein (Corn, Soybeans), Dried Bonito Extract), Caramel Colour.",These are great for snacking,"Storage Store away from direct sunlight, heat and humidity.",Sugar,RICE CRACKERS,98,g,https://shop.annam-gourmet.com/hcm-taka/amanoya-himemaru-japanese-rice-cracker-98g.html
Amarena Fabbri Wild Cherries in Syrup 230g,296000,VND,"A fruit, a tradition, a symbol: Amarena Fabbri is the Italian specialty that has made the company famous all over the world. Unique and inimitable, it comes from a careful selection of the best amarena, pitted and candied in syrup according to the original recipe of the founder, from generation to generation. The essence of quality and sweetness has been inspired by a large number of products, such as syrups and sweet sauces.","Sugar, Sour Cherries, Glucose Syrup, Water, Cherrie Juice (4%), Citric Acid, Flavorings, Anthocyanins Coloring Extracted From Plants","Try using these special amarena cherries in place of any dish that requires ordinary candied cherries. You will find no end to using them. Perfect for distinctive desserts, signature beverages, exceptional hors d'oevres, savory dishes and cheese platters.","Store in a cool, dry place.",,IMPORT CANNED FRUITS,230,g,https://shop.annam-gourmet.com/hcm-taka/amarena-fabbri-wild-cherries-in-syrup-230g.html
An Nhien Healthy Chocolate Biscotti (250g),152000,VND,"An Nhien Healthy Chocolate Biscotti (250g) is a variation of the classic Italian biscotti, crafted with a focus on health-conscious ingredients while still delivering the rich, indulgent taste of chocolate.","Flour, Chocolate,Sugar",Direct use,"Store in a cool, dry place to maintain their freshness.",,CEREAL BARS,250,g,https://shop.annam-gourmet.com/hcm-taka/an-nhien-healthy-chocolate-biscotti-250g.html
An Nhien Honey Biscotti (250g),152000,VND,An Nhien Honey Biscotti (250g) is a delightful baked treat that combines the traditional Italian biscotti with the natural sweetness of honey.,"Flour, Honey, Sugar",Direct use,"Store in a cool, dry place to maintain their freshness.",Sugar,CEREAL BARS,250,g,https://shop.annam-gourmet.com/hcm-taka/an-nhien-honey-biscotti-250g.html
An Nhiên Matcha Biscotti (250g),152000,VND,"An Nhien Healthy Chocolate Biscotti (250g) is a variation of the classic Italian biscotti, crafted with a focus on health-conscious ingredients while still delivering the rich, indulgent taste of matcha.","Flour, Matcha,Sugar",Direct use,"Store in a cool, dry place to maintain their freshness.",Matcha,CEREAL BARS,250,g,https://shop.annam-gourmet.com/hcm-taka/an-nhien-matcha-biscotti-250g.html
Andes  Chocolate Mint Parfait Thins 28p (132g),86000,VND,"Andes Chocolate is the famous and popular mint chocolate, with 2 thin layers of fragrant, fatty chocolate wrapped around the inside.",,Direct use,To store in a cool place away from sunlight,,SPECIAL CHOCOLATE TABLET,132,g,https://shop.annam-gourmet.com/hcm-taka/andes-chocolate-mint-parfait-thins-28p-132g.html
Andes Chocolate w Mint Cream Thins 28p (132g),86000,VND,"Andes Chocolate is the famous and popular mint chocolate, with 2 thin layers of fragrant, fatty chocolate wrapped around the inside.",,Direct use,To store in a cool place away from sunlight,,CHOCOLATE CONFECTIONARY,132,g,https://shop.annam-gourmet.com/hcm-taka/andes-chocolate-w-mint-cream-thins-28p-132g.html
Annie's Cheddar Square Baked Cracker (213g),299000,VND,"Here in Berkeley, we have a mild obsession with cheese – specifically, cheddar cheese. We believe that real cheddar makes everything better. Which is why we crammed all this yummy cheddar into our baked Cheddar Squares. Not only are they packed with crunchy, cheesy goodness, but they just got a serious upgrade and are now Certified Organic!","Organic wheat flour, organic expeller-pressed sunflower oil, organic whole wheat flour, salt, organic cheddar cheese (pasteurized organic milk, cheese culture, sea salt, non-animal enzymes), organic yeast, organic paprika, cultured organic milk, organic nonfat dry milk, organic annatto (for color), organic onion powder, organic celery seed powder, enzymes, mixed tocopherols (vitamin E) to protect flavor.","Whether you love our squares for stacking, snacking, or lunch packing – you can now enjoy them even more with 100% Certified Organic yum!","store in a cool, dry place, away from sunlight.",Berkeley,OTHER SNACKS,213,g,https://shop.annam-gourmet.com/hcm-taka/annie-s-cheddar-square-baked-cracker-213g.html
Arkadia Drinking Chocolate 24%  Cocoa (250g),116000,VND,"Experience true cafe indulgence at home with Arkadia Drinking Chocolate. Developed for baristas and cafes, this perfectly balanced drinking chocolate greets your taste buds with a medium cocoa flavour and subtle caramel and vanilla notes, balancing the light earthiness of the cocoa beans perfectly. With a higher cocoa content than most drinking chocolates on supermarket shelves, this is an indulgent treat for those connoisseurs who really know their chocolate.","Sugar, cocoa powder (24%), milk solids, salt, flavour. Contains: Milk.","Hot Chocolate: Place 3-4 teaspoons (20g) of Arkadia Drinking Chocolate into a mug. Add 180mL warm milk, stir and enjoy.Iced Chocolate: Place 3-4 teaspoons (20g) of Arkadia Drinking Chocolate into a tall glass. Dissolve chocolate with a little boiling water. Then add cold milk, stir and enjoy. Garnish with ice cream or whipped cream.Cappuccino: Sprinkle Arkadia Drinking Chocolate over your cappuccino.Chocolate Mocha: Place 1-2 teaspoons (10g) of Arkadia Drinking Chocolate into a mug. Add an espresso shot and stir to dissolved. Top with heated milk and enjoy.",Settling of contents may occur. Keep in a cool dry place. Best used within 4 weeks of opening.,,CHOCOLATE POWDER,250,g,https://shop.annam-gourmet.com/hcm-taka/arkadia-drinking-chocolate-24-cocoa-250g.html
Aroy D Coconut Milk  165ml,36000,VND,Aroy D coconut milk is traditionally prepared by squeezing grated coconut meat through cheesecloth and packed modern manufactory to keep natural taste of coconut,"Coconut extract (60%), Water (40%)",Used to cook delicious dishes.,Store in a cool place away from sunlight,,COCONUT CREAM,165,ml,https://shop.annam-gourmet.com/hcm-taka/aroy-d-coconut-milk-165ml.html
Aroy-D Coconut Milk (400ml),69000,VND,"The product is produced from fresh, delicious copra, strictly controlled, to ensure food safety, in addition to nutritious coconut oil, which provides more and more complete nutrients for the body. Provides Iron, Calcium and B vitamins for good health. Coconut milk has the effect of regulating blood pressure, good for the heart","60% coconut milk, 40% water",Direct use,To store in a cool place away from sunlight,,COCONUT CREAM,400,ml,https://shop.annam-gourmet.com/hcm-taka/aroy-d-coconut-milk-400ml.html
Ayam Brand Premium Coconut Milk  400mL,41000,VND,"Ayam Brand Premium Coconut Milk  is popularly used to process tea dishes, make cakes, curry, smoothies ... to increase the flavor and fatness of the dish or to cook with dishes that need coconut milk.
Coconut milk is milky white, viscid, fatty, fragrant and sweet
Ayam Brand virgin coconut milk is canned for convenience for you to use and preserve
No added flavors and flavorings
Shake well before use - Store in a cool place away from sunlight - Ayam Brand brand - Made in Malaysia - the product is completely preservative free.",100% pure coconut milk,"Using to make sweet soup, cakes , curry soup","Keep in cool place, away from sunlight",Malaysia,"COCONUT CREAM, OTHER IMPORTED FRUITS",400,ml,https://shop.annam-gourmet.com/hcm-taka/ayam-brand-premium-coconut-milk-400ml.html
Ayam Brand Premium Light Coconut Milk (400ml),40000,VND,"No added fragrance ensures the natural scent from coconut milk
Retains the taste and flavor entirely from coconut with a fat content 31% lower than pure coconut milk.
Shake well before use - Store in a cool place away from sunlight - Ayam Brand brand - Made in Malaysia - the product is completely preservative free. Do not use colorants","Coconut milk (63%), water","Using to make sweet soup, cakes , curry soup","Keep in cool place, away from sunlight",Malaysia,"COCONUT CREAM, OTHER IMPORTED FRUITS",400,ml,https://shop.annam-gourmet.com/hcm-taka/ayam-brand-premium-light-coconut-milk-400ml.html
